[time counter], distance to enemy, alt distance to enemy, direction to enemy, enemy speed, friend speed, distance to friend, alt distance to friend, speed direct to friend, self speed, speed direct to enemy, is locked by msl, is in guide, remaining msl, enemy in rdr, n msl locked, our n msl
[94640], 88903.843750, -5960.306763, 1.524766, 251.022369, 246.455078, 46094.278730, -5959.954712, 0.139196, 320.707184, 3.011235, 0, 0, 6, 1, 0, 0
[94700], 88824.984375, -5960.398071, 1.524368, 249.923630, 246.455078, 46103.774841, -5960.091431, 0.139197, 320.706543, 3.006877, 0, 0, 6, 1, 0, 0
